,Sales Amount,Units Sold
Sales Amount,1.0,0.4416487535917656
Units Sold,0.4416487535917656,1.0
